{
    "bpm_data": [
        80.39838316327092,
        77.18136279379765,
        79.9059401336022,
        78.5921474696125,
        81.72726448283483,
        86.06022346370389,
        83.25237587610096,
        87.44073870476603,
        91.16126126633769,
        87.73761546005656,
        86.66403909598968,
        91.06447817855427,
        95.6552250363352,
        93.10225606658472,
        91.11643981004626
    ],
    "spo2_data": [
        96,
        96,
        97,
        95,
        97,
        97,
        95,
        98,
        97,
        95,
        97,
        98,
        99,
        96,
        99
    ],
    "time_data": [
        "13:55:19",
        "13:55:19",
        "13:55:19",
        "13:55:19",
        "13:55:19",
        "13:55:19",
        "13:55:19",
        "13:55:19",
        "13:55:19",
        "13:55:19",
        "13:55:19",
        "13:55:19",
        "13:55:19",
        "13:55:19",
        "13:55:19"
    ]
}